"date","adult_icu_crci_patients","adult_icu_non_crci_patients","available_adult_icu_beds","total_adult_icu_patients","total_adult_icu_beds","ped_icu_crci_patients","ped_icu_non_crci_patients","available_ped_icu_beds","total_ped_icu_patients","total_ped_icu_beds"
"2020-05-01",244,1154,614,1398,2012,0,51,38,51,89
"2020-05-02",236,1210,566,1446,2012,0,56,33,56,89
"2020-05-03",246,1211,555,1457,2012,0,54,35,54,89
"2020-05-04",243,1197,572,1440,2012,0,56,33,56,89
"2020-05-05",243,1252,517,1495,2012,0,59,30,59,89
"2020-05-06",240,1247,525,1487,2012,0,56,33,56,89
"2020-05-07",234,1195,583,1429,2012,0,48,41,48,89
"2020-05-08",230,1194,588,1424,2012,0,54,35,54,89
"2020-05-09",218,1189,605,1407,2012,0,55,34,55,89
"2020-05-10",211,1206,595,1417,2012,0,50,39,50,89
"2020-05-11",215,1188,609,1403,2012,0,44,45,44,89
"2020-05-12",211,1260,541,1471,2012,0,51,38,51,89
"2020-05-13",207,1280,525,1487,2012,0,62,27,62,89
"2020-05-14",201,1285,526,1486,2012,0,50,39,50,89
"2020-05-15",194,1284,534,1478,2012,0,56,33,56,89
"2020-05-16",196,1273,543,1469,2012,0,59,30,59,89
"2020-05-17",188,1236,588,1424,2012,0,54,35,54,89
"2020-05-18",190,1219,603,1409,2012,0,50,39,50,89
"2020-05-19",192,1238,582,1430,2012,0,46,43,46,89
"2020-05-20",185,1281,546,1466,2012,0,46,43,46,89
"2020-05-21",181,1297,534,1478,2012,0,48,41,48,89
"2020-05-22",176,1282,554,1458,2012,0,51,38,51,89
"2020-05-23",175,1296,541,1471,2012,0,55,34,55,89
"2020-05-24",176,1328,508,1504,2012,0,53,36,53,89
"2020-05-25",175,1306,531,1481,2012,0,52,37,52,89
"2020-05-26",172,1369,471,1541,2012,0,51,38,51,89
"2020-05-27",173,1347,492,1520,2012,0,52,37,52,89
"2020-05-28",163,1399,450,1562,2012,0,55,34,55,89
"2020-05-29",159,1373,480,1532,2012,0,59,30,59,89
"2020-05-30",155,1344,513,1499,2012,0,55,34,55,89
"2020-05-31",156,1287,569,1443,2012,0,51,38,51,89
"2020-06-01",161,1281,570,1442,2012,0,51,38,51,89
"2020-06-02",160,1356,496,1516,2012,0,54,35,54,89
"2020-06-03",158,1370,484,1528,2012,0,51,38,51,89
"2020-06-04",152,1348,512,1500,2012,0,54,35,54,89
"2020-06-05",149,1361,502,1510,2012,0,55,34,55,89
"2020-06-06",146,1363,503,1509,2012,0,59,30,59,89
"2020-06-07",142,1348,522,1490,2012,0,54,35,54,89
"2020-06-08",143,1329,540,1472,2012,0,54,35,54,89
"2020-06-09",141,1386,485,1527,2012,0,57,32,57,89
"2020-06-10",144,1392,476,1536,2012,0,59,30,59,89
"2020-06-11",145,1419,448,1564,2012,0,48,41,48,89
"2020-06-12",140,1365,507,1505,2012,0,50,39,50,89
"2020-06-13",136,1359,517,1495,2012,0,46,43,46,89
"2020-06-14",128,1345,539,1473,2012,0,50,39,50,89
"2020-06-15",129,1321,562,1450,2012,0,47,42,47,89
"2020-06-16",126,1368,518,1494,2012,0,48,41,48,89
"2020-06-17",118,1422,472,1540,2012,0,53,36,53,89
"2020-06-18",111,1466,435,1577,2012,0,51,38,51,89
"2020-06-19",108,1451,453,1559,2012,0,49,40,49,89
"2020-06-20",108,1452,452,1560,2012,0,47,42,47,89
"2020-06-21",114,1423,475,1537,2012,0,44,45,44,89
"2020-06-22",107,1389,516,1496,2012,0,45,44,45,89
"2020-06-23",106,1441,465,1547,2012,0,45,44,45,89
"2020-06-24",101,1463,448,1564,2012,0,46,43,46,89
"2020-06-25",96,1429,487,1525,2012,1,46,42,47,89
"2020-06-26",90,1422,500,1512,2012,1,52,36,53,89
"2020-06-27",85,1404,523,1489,2012,1,50,38,51,89
"2020-06-28",85,1406,521,1491,2012,1,42,46,43,89
"2020-06-29",81,1439,492,1520,2012,1,42,46,43,89
"2020-06-30",73,1471,468,1544,2012,1,47,41,48,89
"2020-07-01",69,1450,493,1519,2012,1,49,39,50,89
"2020-07-02",70,1395,547,1465,2012,1,43,45,44,89
"2020-07-03",70,1412,530,1482,2012,0,47,42,47,89
"2020-07-04",69,1405,538,1474,2012,0,51,38,51,89
"2020-07-05",67,1412,533,1479,2012,0,43,46,43,89
"2020-07-06",64,1459,489,1523,2012,0,44,45,44,89
"2020-07-07",61,1509,442,1570,2012,0,44,45,44,89
"2020-07-08",61,1548,403,1609,2012,0,47,42,47,89
"2020-07-09",58,1521,433,1579,2012,0,50,39,50,89
"2020-07-10",60,1514,438,1574,2012,0,48,41,48,89
"2020-07-11",57,1473,482,1530,2012,0,46,43,46,89
"2020-07-12",55,1456,501,1511,2012,0,42,47,42,89
"2020-07-13",53,1478,481,1531,2012,0,42,47,42,89
"2020-07-14",55,1500,457,1555,2012,0,56,33,56,89
"2020-07-15",55,1533,424,1588,2012,0,48,41,48,89
"2020-07-16",50,1512,450,1562,2012,0,45,44,45,89
"2020-07-17",52,1511,449,1563,2012,0,51,38,51,89
"2020-07-18",53,1493,466,1546,2012,0,50,39,50,89
"2020-07-19",53,1469,490,1522,2012,0,45,44,45,89
"2020-07-20",55,1462,495,1517,2012,0,42,47,42,89
"2020-07-21",55,1502,455,1557,2012,0,51,38,51,89
"2020-07-22",57,1504,451,1561,2012,0,51,38,51,89
"2020-07-23",55,1500,457,1555,2012,0,49,40,49,89
"2020-07-24",50,1472,490,1522,2012,0,46,43,46,89
"2020-07-25",47,1482,483,1529,2012,0,46,43,46,89
"2020-07-26",46,1451,515,1497,2012,0,39,50,39,89
"2020-07-27",47,1453,512,1500,2012,0,42,47,42,89
"2020-07-28",45,1542,425,1587,2012,1,41,47,42,89
"2020-07-29",42,1536,434,1578,2012,1,45,43,46,89
"2020-07-30",38,1541,433,1579,2012,1,48,40,49,89
"2020-07-31",40,1514,458,1554,2012,1,49,39,50,89
"2020-08-01",39,1500,473,1539,2012,1,47,41,48,89
"2020-08-02",41,1448,523,1489,2012,0,43,46,43,89
"2020-08-03",40,1435,537,1475,2012,0,34,55,34,89
"2020-08-04",40,1482,490,1522,2012,0,35,54,35,89
"2020-08-05",41,1542,429,1583,2012,0,38,51,38,89
"2020-08-06",38,1529,445,1567,2012,0,45,44,45,89
"2020-08-07",38,1526,448,1564,2012,0,51,38,51,89
"2020-08-08",38,1501,473,1539,2012,0,49,40,49,89
"2020-08-09",38,1475,499,1513,2012,0,45,44,45,89
"2020-08-10",37,1482,493,1519,2012,0,41,48,41,89
"2020-08-11",34,1541,437,1575,2012,0,43,46,43,89
"2020-08-12",33,1545,434,1578,2012,0,49,40,49,89
"2020-08-13",31,1512,469,1543,2012,0,47,42,47,89
"2020-08-14",28,1482,502,1510,2012,0,46,43,46,89
"2020-08-15",29,1491,492,1520,2012,0,48,41,48,89
"2020-08-16",30,1502,480,1532,2012,0,37,52,37,89
"2020-08-17",28,1515,469,1543,2012,0,41,48,41,89
"2020-08-18",26,1552,434,1578,2012,0,46,43,46,89
"2020-08-19",26,1566,420,1592,2012,0,50,39,50,89
"2020-08-20",27,1541,444,1568,2012,0,46,43,46,89
"2020-08-21",26,1554,432,1580,2012,0,46,43,46,89
"2020-08-22",25,1538,449,1563,2012,0,45,44,45,89
"2020-08-23",21,1503,488,1524,2012,0,37,52,37,89
"2020-08-24",23,1526,463,1549,2012,0,43,46,43,89
"2020-08-25",24,1590,398,1614,2012,0,41,48,41,89
"2020-08-26",24,1592,396,1616,2012,0,42,47,42,89
"2020-08-27",26,1573,413,1599,2012,0,49,40,49,89
"2020-08-28",25,1556,431,1581,2012,0,53,36,53,89
"2020-08-29",28,1528,456,1556,2012,0,52,37,52,89
"2020-08-30",30,1551,431,1581,2012,0,46,43,46,89
"2020-08-31",29,1523,460,1552,2012,0,47,42,47,89
"2020-09-01",29,1524,459,1553,2012,0,51,38,51,89
"2020-09-02",21,1560,431,1581,2012,0,48,41,48,89
"2020-09-03",20,1512,480,1532,2012,0,53,36,53,89
"2020-09-04",24,1517,471,1541,2012,0,50,39,50,89
"2020-09-05",23,1522,467,1545,2012,0,53,36,53,89
"2020-09-06",24,1524,464,1548,2012,0,48,41,48,89
"2020-09-07",24,1518,470,1542,2012,0,44,45,44,89
"2020-09-08",25,1534,453,1559,2012,0,45,44,45,89
"2020-09-09",24,1562,426,1586,2012,0,51,38,51,89
"2020-09-10",23,1591,398,1614,2012,0,59,30,59,89
"2020-09-11",25,1575,412,1600,2012,0,60,29,60,89
"2020-09-12",18,1548,446,1566,2012,0,50,39,50,89
"2020-09-13",20,1532,460,1552,2012,0,43,46,43,89
"2020-09-14",23,1543,446,1566,2012,1,46,42,47,89
"2020-09-15",25,1586,401,1611,2012,1,52,36,53,89
"2020-09-16",27,1600,385,1627,2012,1,59,29,60,89
"2020-09-17",27,1589,396,1616,2012,1,56,32,57,89
"2020-09-18",27,1588,397,1615,2012,1,54,34,55,89
"2020-09-19",28,1572,412,1600,2012,1,55,33,56,89
"2020-09-20",31,1559,422,1590,2012,0,44,45,44,89
"2020-09-21",30,1536,446,1566,2012,0,44,45,44,89
"2020-09-22",30,1585,397,1615,2012,0,50,39,50,89
"2020-09-23",30,1616,366,1646,2012,0,47,42,47,89
"2020-09-24",33,1606,373,1639,2012,0,46,43,46,89
"2020-09-25",31,1606,375,1637,2012,0,50,39,50,89
"2020-09-26",34,1605,373,1639,2012,0,46,43,46,89
"2020-09-27",34,1571,407,1605,2012,0,45,44,45,89
"2020-09-28",35,1567,410,1602,2012,0,46,43,46,89
"2020-09-29",34,1631,347,1665,2012,0,48,41,48,89
"2020-09-30",39,1624,349,1663,2012,0,52,37,52,89
"2020-10-01",41,1625,346,1666,2012,0,58,31,58,89
"2020-10-02",44,1623,345,1667,2012,0,57,32,57,89
"2020-10-03",47,1570,395,1617,2012,0,56,33,56,89
"2020-10-04",48,1539,425,1587,2012,0,55,34,55,89
"2020-10-05",48,1579,385,1627,2012,0,49,40,49,89
"2020-10-06",45,1611,356,1656,2012,0,55,34,55,89
"2020-10-07",48,1623,341,1671,2012,0,58,31,58,89
"2020-10-08",53,1618,341,1671,2012,0,58,31,58,89
"2020-10-09",52,1580,384,1632,2016,0,53,36,53,89
"2020-10-10",53,1551,412,1604,2016,0,54,35,54,89
"2020-10-11",57,1497,462,1554,2016,0,47,42,47,89
"2020-10-12",58,1489,469,1547,2016,0,47,42,47,89
"2020-10-13",65,1519,432,1584,2016,0,37,52,37,89
"2020-10-14",68,1517,431,1585,2016,0,40,49,40,89
"2020-10-15",67,1587,364,1654,2018,0,53,36,53,89
"2020-10-16",72,1579,367,1651,2018,0,57,32,57,89
"2020-10-17",77,1557,384,1634,2018,0,51,38,51,89
"2020-10-18",76,1565,377,1641,2018,0,48,41,48,89
"2020-10-19",74,1575,412,1649,2061,0,49,40,49,89
"2020-10-20",77,1579,405,1656,2061,0,51,38,51,89
"2020-10-21",76,1620,365,1696,2061,0,58,31,58,89
"2020-10-22",83,1604,374,1687,2061,0,55,34,55,89
"2020-10-23",87,1548,426,1635,2061,0,58,31,58,89
"2020-10-24",90,1548,423,1638,2061,0,42,47,42,89
"2020-10-25",86,1553,422,1639,2061,0,43,46,43,89
"2020-10-26",85,1553,423,1638,2061,0,37,52,37,89
"2020-10-27",82,1588,391,1670,2061,0,37,52,37,89
"2020-10-28",79,1618,364,1697,2061,0,47,42,47,89
"2020-10-29",85,1592,384,1677,2061,1,50,38,51,89
"2020-10-30",84,1608,369,1692,2061,2,49,38,51,89
"2020-10-31",82,1573,406,1655,2061,1,51,37,52,89
"2020-11-01",81,1555,425,1636,2061,1,43,45,44,89
"2020-11-02",85,1599,377,1684,2061,1,41,47,42,89
"2020-11-03",85,1629,347,1714,2061,0,48,41,48,89
"2020-11-04",85,1611,365,1696,2061,0,51,38,51,89
"2020-11-05",97,1592,419,1689,2108,0,54,39,54,93
"2020-11-06",97,1601,410,1698,2108,0,53,40,53,93
"2020-11-07",101,1576,431,1677,2108,0,53,40,53,93
"2020-11-08",99,1554,455,1653,2108,0,51,42,51,93
"2020-11-09",96,1566,460,1662,2122,0,49,44,49,93
"2020-11-10",93,1610,419,1703,2122,0,43,50,43,93
"2020-11-11",98,1626,398,1724,2122,1,53,39,54,93
"2020-11-12",107,1605,410,1712,2122,0,53,40,53,93
"2020-11-13",113,1562,447,1675,2122,1,56,36,57,93
"2020-11-14",115,1547,460,1662,2122,1,53,39,54,93
"2020-11-15",126,1565,431,1691,2122,1,48,44,49,93
"2020-11-16",133,1556,433,1689,2122,1,45,47,46,93
"2020-11-17",136,1580,412,1716,2128,1,56,36,57,93
"2020-11-18",136,1590,402,1726,2128,1,56,36,57,93
"2020-11-19",153,1584,391,1737,2128,1,64,28,65,93
"2020-11-20",150,1536,443,1686,2129,1,58,34,59,93
"2020-11-21",152,1516,461,1668,2129,1,58,34,59,93
"2020-11-22",153,1499,477,1652,2129,1,58,34,59,93
"2020-11-23",162,1488,479,1650,2129,1,58,34,59,93
"2020-11-24",165,1519,445,1684,2129,1,61,31,62,93
"2020-11-25",165,1538,426,1703,2129,1,64,28,65,93
"2020-11-26",156,1549,424,1705,2129,0,61,32,61,93
"2020-11-27",159,1567,403,1726,2129,0,59,34,59,93
"2020-11-28",160,1507,462,1667,2129,0,56,37,56,93
"2020-11-29",165,1525,439,1690,2129,0,59,34,59,93
"2020-11-30",177,1513,439,1690,2129,0,56,37,56,93
"2020-12-01",193,1549,394,1742,2136,0,61,32,61,93
"2020-12-02",190,1555,391,1745,2136,0,62,31,62,93
"2020-12-03",205,1516,415,1721,2136,1,58,34,59,93
"2020-12-04",216,1493,427,1709,2136,1,51,41,52,93
"2020-12-05",213,1476,447,1689,2136,0,49,44,49,93
"2020-12-06",216,1473,447,1689,2136,0,51,42,51,93
"2020-12-07",226,1463,447,1689,2136,0,49,44,49,93
"2020-12-08",232,1484,420,1716,2136,0,55,38,55,93
"2020-12-09",231,1500,405,1731,2136,2,59,32,61,93
"2020-12-10",240,1495,401,1735,2136,1,54,38,55,93
"2020-12-11",250,1495,391,1745,2136,1,53,39,54,93
"2020-12-12",252,1464,420,1716,2136,1,55,37,56,93
"2020-12-13",269,1438,429,1707,2136,2,51,40,53,93
"2020-12-14",262,1428,446,1690,2136,2,52,39,54,93
"2020-12-15",267,1498,371,1765,2136,2,54,37,56,93
"2020-12-16",275,1482,379,1757,2136,2,61,30,63,93
"2020-12-17",280,1487,369,1767,2136,2,65,26,67,93
"2020-12-18",277,1473,386,1750,2136,1,60,32,61,93
"2020-12-19",270,1486,380,1756,2136,1,62,30,63,93
"2020-12-20",276,1426,434,1702,2136,1,56,36,57,93
"2020-12-21",278,1411,447,1689,2136,2,54,37,56,93
"2020-12-22",287,1425,424,1712,2136,1,55,37,56,93
"2020-12-23",291,1384,461,1675,2136,0,56,37,56,93
"2020-12-24",297,1341,498,1638,2136,0,54,39,54,93
"2020-12-25",298,1286,552,1584,2136,0,46,47,46,93
"2020-12-26",307,1253,576,1560,2136,0,46,47,46,93
"2020-12-27",303,1297,536,1600,2136,0,45,48,45,93
"2020-12-28",314,1306,516,1620,2136,1,45,47,46,93
"2020-12-29",323,1362,451,1685,2136,1,45,47,46,93
"2020-12-30",341,1371,424,1712,2136,1,44,48,45,93
"2020-12-31",353,1364,419,1717,2136,1,47,45,48,93
"2021-01-01",353,1287,496,1640,2136,2,45,46,47,93
"2021-01-02",342,1293,501,1635,2136,2,43,48,45,93
"2021-01-03",350,1312,474,1662,2136,2,43,48,45,93
"2021-01-04",353,1317,466,1670,2136,2,46,45,48,93
"2021-01-05",373,1349,414,1722,2136,2,50,41,52,93
"2021-01-06",378,1385,373,1763,2136,3,57,33,60,93
"2021-01-07",379,1422,335,1801,2136,3,60,30,63,93
"2021-01-08",390,1378,368,1768,2136,4,57,32,61,93
"2021-01-09",406,1353,377,1759,2136,3,65,25,68,93
"2021-01-10",409,1321,406,1730,2136,2,51,40,53,93
"2021-01-11",411,1345,380,1756,2136,1,45,47,46,93
"2021-01-12",411,1372,353,1783,2136,0,50,43,50,93
"2021-01-13",408,1408,320,1816,2136,1,48,44,49,93
"2021-01-14",413,1391,332,1804,2136,0,52,41,52,93
"2021-01-15",412,1378,346,1790,2136,1,57,35,58,93
"2021-01-16",421,1391,324,1812,2136,0,51,42,51,93
"2021-01-17",415,1367,354,1782,2136,0,50,43,50,93
"2021-01-18",416,1358,362,1774,2136,0,54,39,54,93
"2021-01-19",420,1360,370,1780,2150,0,48,45,48,93
"2021-01-20",415,1372,363,1787,2150,1,50,42,51,93
"2021-01-21",408,1364,378,1772,2150,2,62,29,64,93
"2021-01-22",405,1378,367,1783,2150,1,50,42,51,93
"2021-01-23",417,1362,371,1779,2150,1,48,44,49,93
"2021-01-24",412,1344,394,1756,2150,1,47,45,48,93
"2021-01-25",417,1325,408,1742,2150,1,48,44,49,93
"2021-01-26",404,1361,385,1765,2150,1,52,40,53,93
"2021-01-27",400,1380,370,1780,2150,0,57,36,57,93
"2021-01-28",386,1363,401,1749,2150,0,54,39,54,93
"2021-01-29",391,1376,383,1767,2150,0,56,37,56,93
"2021-01-30",385,1341,424,1726,2150,0,52,41,52,93
"2021-01-31",384,1328,438,1712,2150,1,47,45,48,93
"2021-02-01",382,1298,470,1680,2150,1,51,41,52,93
"2021-02-02",368,1383,400,1751,2151,1,52,40,53,93
"2021-02-03",366,1417,368,1783,2151,2,55,36,57,93
"2021-02-04",355,1441,592,1796,2388,1,58,34,59,93
"2021-02-05",358,1432,598,1790,2388,1,53,39,54,93
"2021-02-06",363,1454,571,1817,2388,1,52,40,53,93
"2021-02-07",371,1404,613,1775,2388,1,49,43,50,93
"2021-02-08",369,1423,623,1792,2415,1,50,42,51,93
"2021-02-09",349,1443,619,1792,2411,0,54,39,54,93
"2021-02-10",340,1464,607,1804,2411,1,44,48,45,93
"2021-02-11",330,1444,637,1774,2411,1,47,45,48,93
"2021-02-12",327,1475,609,1802,2411,1,50,42,51,93
"2021-02-13",321,1457,633,1778,2411,1,53,39,54,93
"2021-02-14",328,1418,665,1746,2411,1,46,46,47,93
"2021-02-15",330,1386,695,1716,2411,1,46,46,47,93
"2021-02-16",331,1438,642,1769,2411,2,45,46,47,93
"2021-02-17",332,1474,605,1806,2411,2,52,39,54,93
"2021-02-18",315,1459,637,1774,2411,1,53,39,54,93
"2021-02-19",306,1472,497,1778,2275,1,65,27,66,93
"2021-02-20",293,1462,520,1755,2275,1,58,34,59,93
"2021-02-21",306,1439,530,1745,2275,1,52,40,53,93
"2021-02-22",309,1417,549,1726,2275,1,55,37,56,93
"2021-02-23",312,1477,486,1789,2275,1,60,32,61,93
"2021-02-24",315,1495,465,1810,2275,1,57,35,58,93
"2021-02-25",312,1487,476,1799,2275,1,58,34,59,93
"2021-02-26",317,1477,481,1794,2275,0,63,30,63,93
"2021-02-27",308,1496,471,1804,2275,0,65,28,65,93
"2021-02-28",321,1489,465,1810,2275,1,56,36,57,93
"2021-03-01",310,1451,514,1761,2275,1,50,42,51,93
"2021-03-02",310,1506,459,1816,2275,0,54,39,54,93
"2021-03-03",301,1496,478,1797,2275,0,62,31,62,93
"2021-03-04",306,1478,491,1784,2275,0,63,30,63,93
"2021-03-05",312,1483,489,1795,2284,0,55,38,55,93
"2021-03-06",312,1458,514,1770,2284,0,53,40,53,93
"2021-03-07",308,1403,573,1711,2284,0,53,40,53,93
"2021-03-08",318,1381,585,1699,2284,0,53,40,53,93
"2021-03-09",326,1447,511,1773,2284,0,64,29,64,93
"2021-03-10",309,1476,499,1785,2284,0,68,25,68,93
"2021-03-11",308,1509,467,1817,2284,0,63,30,63,93
"2021-03-12",314,1474,532,1788,2320,0,64,29,64,93
"2021-03-13",308,1435,571,1743,2314,0,59,34,59,93
"2021-03-14",316,1422,576,1738,2314,0,57,36,57,93
"2021-03-15",329,1431,554,1760,2314,0,47,46,47,93
"2021-03-16",325,1415,574,1740,2314,0,52,41,52,93
"2021-03-17",334,1440,545,1774,2319,0,57,36,57,93
"2021-03-18",341,1442,536,1783,2319,0,55,38,55,93
"2021-03-19",345,1449,525,1794,2319,1,52,40,53,93
"2021-03-20",334,1435,550,1769,2319,1,57,35,58,93
"2021-03-21",340,1409,570,1749,2319,0,50,43,50,93
"2021-03-22",331,1417,571,1748,2319,0,53,40,53,93
"2021-03-23",355,1454,510,1809,2319,2,61,30,63,93
"2021-03-24",362,1433,524,1795,2319,1,61,31,62,93
"2021-03-25",360,1449,510,1809,2319,0,54,39,54,93
"2021-03-26",384,1487,448,1871,2319,0,57,36,57,93
"2021-03-27",392,1373,554,1765,2319,0,54,39,54,93
"2021-03-28",392,1380,547,1772,2319,1,44,48,45,93
"2021-03-29",408,1378,533,1786,2319,1,43,49,44,93
"2021-03-30",411,1408,500,1819,2319,0,53,40,53,93
"2021-03-31",424,1399,496,1823,2319,0,51,42,51,93
"2021-04-01",433,1388,498,1821,2319,0,55,38,55,93
"2021-04-02",435,1385,505,1820,2325,0,57,36,57,93
"2021-04-03",451,1331,543,1782,2325,0,59,34,59,93
"2021-04-04",476,1322,527,1798,2325,0,54,39,54,93
"2021-04-05",493,1307,525,1800,2325,0,56,37,56,93
"2021-04-06",509,1299,517,1808,2325,0,47,46,47,93
"2021-04-07",503,1339,483,1842,2325,0,55,38,55,93
"2021-04-08",523,1317,483,1840,2323,1,52,40,53,93
"2021-04-09",549,1320,435,1869,2304,2,55,36,57,93
"2021-04-10",580,1267,457,1847,2304,4,52,37,56,93
"2021-04-11",597,1254,453,1851,2304,7,46,40,53,93
"2021-04-12",611,1246,447,1857,2304,7,47,39,54,93
"2021-04-13",617,1275,412,1892,2304,8,53,32,61,93
"2021-04-14",632,1259,413,1891,2304,9,49,35,58,93
"2021-04-15",649,1226,429,1875,2304,9,49,35,58,93
"2021-04-16",690,1201,406,1891,2297,10,51,32,61,93
"2021-04-17",715,1197,385,1912,2297,10,51,32,61,93
"2021-04-18",733,1167,397,1900,2297,7,48,38,55,93
"2021-04-19",748,1157,400,1905,2305,6,48,39,54,93
"2021-04-20",764,1157,384,1921,2305,8,47,38,55,93
"2021-04-21",782,1146,377,1928,2305,7,54,32,61,93
"2021-04-22",796,1114,395,1910,2305,9,56,28,65,93
"2021-04-23",808,1096,434,1904,2338,9,48,36,57,93
"2021-04-24",824,1106,412,1930,2342,8,44,41,52,93
"2021-04-25",841,1119,382,1960,2342,9,40,44,49,93
"2021-04-26",865,1075,402,1940,2342,11,40,42,51,93
"2021-04-27",862,1102,378,1964,2342,12,47,34,59,93
"2021-04-28",865,1109,368,1974,2342,10,51,32,61,93
"2021-04-29",872,1103,367,1975,2342,10,52,31,62,93
"2021-04-30",870,1091,381,1961,2342,11,57,25,68,93
"2021-05-01",889,1085,368,1974,2342,9,50,34,59,93
"2021-05-02",885,1065,604,1950,2554,8,47,38,55,93
"2021-05-03",879,1101,574,1980,2554,8,48,37,56,93
"2021-05-04",874,1146,534,2020,2554,10,52,31,62,93
"2021-05-05",870,1168,516,2038,2554,10,44,39,54,93
"2021-05-06",865,1131,558,1996,2554,10,49,34,59,93
"2021-05-07",844,1128,582,1972,2554,12,49,32,61,93
"2021-05-08",836,1118,600,1954,2554,13,44,36,57,93
"2021-05-09",833,1135,586,1968,2554,13,44,36,57,93
"2021-05-10",813,1165,576,1978,2554,13,42,38,55,93
"2021-05-11",790,1187,577,1977,2554,10,46,37,56,93
"2021-05-12",765,1203,586,1968,2554,9,42,42,51,93
"2021-05-13",767,1214,573,1981,2554,7,40,46,47,93
"2021-05-14",767,1196,591,1963,2554,9,47,37,56,93
"2021-05-15",774,1188,592,1962,2554,10,46,37,56,93
"2021-05-16",773,1173,608,1946,2554,11,42,40,53,93
"2021-05-17",769,1199,586,1968,2554,10,40,43,50,93
"2021-05-18",756,1249,549,2005,2554,8,41,44,49,93
"2021-05-19",727,1253,574,1980,2554,8,47,38,55,93
"2021-05-20",712,1275,567,1987,2554,9,53,31,62,93
"2021-05-21",707,1302,545,2009,2554,8,50,35,58,93
"2021-05-22",700,1281,573,1981,2554,6,51,36,57,93
"2021-05-23",686,1261,607,1947,2554,7,41,45,48,93
"2021-05-24",680,1267,607,1947,2554,7,37,49,44,93
"2021-05-25",683,1280,591,1963,2554,9,37,47,46,93
"2021-05-26",664,1300,590,1964,2554,8,49,36,57,93
"2021-05-27",643,1318,593,1961,2554,7,52,34,59,93
"2021-05-28",639,1292,623,1931,2554,6,53,34,59,93
"2021-05-29",620,1274,660,1894,2554,6,46,41,52,93
"2021-05-30",608,1264,682,1872,2554,6,49,38,55,93
"2021-05-31",612,1305,637,1917,2554,5,49,39,54,93
"2021-06-01",578,1333,643,1911,2554,5,53,35,58,93
"2021-06-02",570,1331,653,1901,2554,6,49,38,55,93
"2021-06-03",539,1325,690,1864,2554,7,53,33,60,93
"2021-06-04",515,1343,696,1858,2554,7,57,29,64,93
"2021-06-05",509,1334,711,1843,2554,7,48,38,55,93
"2021-06-06",503,1294,757,1797,2554,7,41,45,48,93
"2021-06-07",490,1277,787,1767,2554,7,43,43,50,93
"2021-06-08",475,1338,741,1813,2554,6,50,37,56,93
"2021-06-09",461,1361,732,1822,2554,5,46,42,51,93
"2021-06-10",446,1342,766,1788,2554,4,49,40,53,93
"2021-06-11",436,1338,780,1774,2554,4,56,33,60,93
"2021-06-12",419,1350,785,1769,2554,3,54,36,57,93
"2021-06-13",423,1302,829,1725,2554,3,50,40,53,93
"2021-06-14",406,1302,846,1708,2554,3,47,43,50,93
"2021-06-15",379,1334,841,1713,2554,3,49,41,52,93
"2021-06-16",373,1346,835,1719,2554,4,55,34,59,93
"2021-06-17",358,1348,848,1706,2554,4,51,38,55,93
"2021-06-18",348,1361,845,1709,2554,4,53,36,57,93
"2021-06-19",331,1331,892,1662,2554,4,55,34,59,93
"2021-06-20",330,1310,914,1640,2554,3,54,36,57,93
"2021-06-21",320,1328,906,1648,2554,3,53,37,56,93
"2021-06-22",312,1387,855,1699,2554,2,49,42,51,93
"2021-06-23",303,1389,862,1692,2554,2,56,35,58,93
"2021-06-24",297,1385,872,1682,2554,3,56,34,59,93
"2021-06-25",281,1379,894,1660,2554,3,57,33,60,93
"2021-06-26",281,1372,901,1653,2554,5,55,33,60,93
"2021-06-27",285,1326,943,1611,2554,4,55,34,59,93
"2021-06-28",283,1340,931,1623,2554,4,58,31,62,93
"2021-06-29",273,1414,867,1687,2554,3,67,23,70,93
"2021-06-30",269,1437,848,1706,2554,2,75,16,77,93
"2021-07-01",253,1405,896,1658,2554,1,73,19,74,93
"2021-07-02",251,1398,905,1649,2554,1,68,24,69,93
"2021-07-03",242,1371,941,1613,2554,1,62,30,63,93
"2021-07-04",234,1376,944,1610,2554,1,63,29,64,93
"2021-07-05",227,1419,908,1646,2554,1,57,35,58,93
"2021-07-06",225,1461,868,1686,2554,1,63,29,64,93
"2021-07-07",219,1460,875,1679,2554,1,60,32,61,93
"2021-07-08",214,1443,897,1657,2554,1,54,38,55,93
"2021-07-09",201,1449,904,1650,2554,1,52,40,53,93
"2021-07-10",196,1412,946,1608,2554,1,61,31,62,93
"2021-07-11",201,1388,965,1589,2554,1,54,38,55,93
"2021-07-12",203,1437,914,1640,2554,1,56,36,57,93
"2021-07-13",191,1443,920,1634,2554,1,59,33,60,93
"2021-07-14",179,1475,900,1654,2554,1,60,32,61,93
"2021-07-15",167,1501,886,1668,2554,1,61,31,62,93
"2021-07-16",157,1464,933,1621,2554,1,62,30,63,93
"2021-07-17",148,1441,965,1589,2554,1,59,33,60,93
"2021-07-18",148,1445,961,1593,2554,2,52,39,54,93
"2021-07-19",149,1427,978,1576,2554,2,51,40,53,93
"2021-07-20",148,1478,928,1626,2554,1,53,39,54,93
"2021-07-21",144,1478,932,1622,2554,1,57,35,58,93
"2021-07-22",139,1487,928,1626,2554,2,59,32,61,93
"2021-07-23",135,1457,962,1592,2554,1,57,35,58,93
"2021-07-24",131,1452,971,1583,2554,1,52,40,53,93
"2021-07-25",126,1448,980,1574,2554,1,50,42,51,93
"2021-07-26",130,1448,976,1578,2554,1,50,42,51,93
"2021-07-27",126,1514,742,1640,2382,1,59,33,60,93
"2021-07-28",121,1517,744,1638,2382,1,58,34,59,93
"2021-07-29",120,1511,751,1631,2382,1,66,26,67,93
"2021-07-30",116,1478,788,1594,2382,1,66,26,67,93
"2021-07-31",111,1450,821,1561,2382,1,64,28,65,93
"2021-08-01",109,1429,844,1538,2382,1,60,32,61,93
"2021-08-02",107,1433,842,1540,2382,1,60,32,61,93
"2021-08-03",105,1489,788,1594,2382,1,59,33,60,93
"2021-08-04",107,1509,766,1616,2382,1,66,26,67,93
"2021-08-05",109,1525,748,1634,2382,1,72,20,73,93
"2021-08-06",109,1509,764,1618,2382,1,67,25,68,93
"2021-08-07",110,1478,794,1588,2382,1,61,31,62,93
"2021-08-08",114,1476,792,1590,2382,1,63,29,64,93
"2021-08-09",112,1481,789,1593,2382,1,61,31,62,93
"2021-08-10",107,1518,757,1625,2382,2,56,35,58,93
"2021-08-11",106,1516,760,1622,2382,2,61,30,63,93
"2021-08-12",111,1519,752,1630,2382,2,65,26,67,93
"2021-08-13",110,1467,805,1577,2382,1,65,27,66,93
"2021-08-14",110,1468,804,1578,2382,1,67,25,68,93
"2021-08-15",115,1479,788,1594,2382,1,66,26,67,93
"2021-08-16",118,1478,786,1596,2382,1,61,31,62,93
"2021-08-17",126,1538,718,1664,2382,1,61,31,62,93
"2021-08-18",126,1508,748,1634,2382,1,66,26,67,93
"2021-08-19",129,1501,752,1630,2382,1,72,20,73,93
"2021-08-20",133,1478,771,1611,2382,1,63,29,64,93
"2021-08-21",128,1456,798,1584,2382,1,63,29,64,93
"2021-08-22",139,1439,804,1578,2382,1,58,34,59,93
"2021-08-23",149,1431,802,1580,2382,1,62,30,63,93
"2021-08-24",155,1450,777,1605,2382,1,62,30,63,93
"2021-08-25",160,1517,705,1677,2382,1,71,21,72,93
"2021-08-26",164,1484,734,1648,2382,1,66,26,67,93
"2021-08-27",157,1512,713,1669,2382,1,70,22,71,93
"2021-08-28",160,1496,726,1656,2382,2,61,30,63,93
"2021-08-29",156,1468,758,1624,2382,2,60,31,62,93
"2021-08-30",158,1474,750,1632,2382,2,64,27,66,93
"2021-08-31",156,1472,754,1628,2382,2,64,27,66,93
"2021-09-01",160,1516,706,1676,2382,3,73,17,76,93
"2021-09-02",161,1480,741,1641,2382,1,71,21,72,93
"2021-09-03",168,1487,727,1655,2382,1,69,23,70,93
"2021-09-04",171,1418,793,1589,2382,1,69,23,70,93
"2021-09-05",178,1438,766,1616,2382,1,60,32,61,93
"2021-09-06",186,1440,756,1626,2382,1,60,32,61,93
"2021-09-07",191,1463,728,1654,2382,1,57,35,58,93
"2021-09-08",192,1561,629,1753,2382,2,67,24,69,93
"2021-09-09",184,1552,646,1736,2382,1,67,25,68,93
"2021-09-10",175,1535,672,1710,2382,2,66,25,68,93
"2021-09-11",178,1524,680,1702,2382,2,66,25,68,93
"2021-09-12",182,1516,684,1698,2382,2,61,30,63,93
"2021-09-13",188,1516,678,1704,2382,1,60,32,61,93
"2021-09-14",190,1558,634,1748,2382,2,66,25,68,93
"2021-09-15",186,1551,645,1737,2382,2,72,19,74,93
"2021-09-16",189,1541,652,1730,2382,2,68,23,70,93
"2021-09-17",192,1530,660,1722,2382,2,69,22,71,93
"2021-09-18",184,1495,703,1679,2382,1,64,28,65,93
"2021-09-19",181,1474,727,1655,2382,1,62,30,63,93
"2021-09-20",176,1501,705,1677,2382,1,65,27,66,93
"2021-09-21",178,1522,656,1700,2356,1,75,17,76,93
"2021-09-22",185,1512,659,1697,2356,2,76,15,78,93
"2021-09-23",190,1515,651,1705,2356,3,70,20,73,93
"2021-09-24",190,1501,665,1691,2356,3,77,13,80,93
"2021-09-25",175,1486,695,1661,2356,3,74,16,77,93
"2021-09-26",174,1456,726,1630,2356,3,70,20,73,93
"2021-09-27",182,1449,725,1631,2356,2,65,26,67,93
"2021-09-28",177,1516,663,1693,2356,2,66,25,68,93
"2021-09-29",169,1555,632,1724,2356,2,72,19,74,93
"2021-09-30",168,1560,628,1728,2356,2,68,23,70,93
"2021-10-01",161,1559,636,1720,2356,1,76,16,77,93
"2021-10-02",160,1521,675,1681,2356,1,72,20,73,93
"2021-10-03",161,1518,677,1679,2356,1,73,19,74,93
"2021-10-04",158,1528,670,1686,2356,0,70,23,70,93
"2021-10-05",154,1599,603,1753,2356,0,68,25,68,93
"2021-10-06",155,1626,575,1781,2356,0,73,20,73,93
"2021-10-07",148,1609,599,1757,2356,0,74,19,74,93
"2021-10-08",152,1600,604,1752,2356,1,65,27,66,93
"2021-10-09",152,1597,607,1749,2356,0,63,30,63,93
"2021-10-10",151,1561,644,1712,2356,1,63,29,64,93
"2021-10-11",153,1533,670,1686,2356,2,66,25,68,93
"2021-10-12",147,1551,658,1698,2356,2,70,21,72,93
"2021-10-13",152,1604,600,1756,2356,1,74,18,75,93
"2021-10-14",158,1594,604,1752,2356,0,74,19,74,93
"2021-10-15",163,1615,578,1778,2356,0,65,28,65,93
"2021-10-16",163,1580,613,1743,2356,1,66,26,67,93
"2021-10-17",162,1551,643,1713,2356,2,57,34,59,93
"2021-10-18",166,1582,608,1748,2356,2,54,37,56,93
"2021-10-19",158,1612,573,1770,2343,1,61,31,62,93
"2021-10-20",158,1624,561,1782,2343,1,57,35,58,93
"2021-10-21",160,1599,584,1759,2343,1,64,28,65,93
"2021-10-22",148,1587,608,1735,2343,1,62,30,63,93
"2021-10-23",135,1535,673,1670,2343,1,56,36,57,93
"2021-10-24",136,1514,693,1650,2343,1,61,31,62,93
"2021-10-25",137,1547,659,1684,2343,1,60,32,61,93
"2021-10-26",137,1606,600,1743,2343,1,67,25,68,93
"2021-10-27",133,1637,573,1770,2343,1,61,31,62,93
"2021-10-28",132,1619,592,1751,2343,0,67,26,67,93
"2021-10-29",130,1618,595,1748,2343,0,67,26,67,93
"2021-10-30",132,1580,631,1712,2343,0,61,32,61,93
"2021-10-31",133,1559,651,1692,2343,0,59,34,59,93
"2021-11-01",133,1550,660,1683,2343,0,63,30,63,93
"2021-11-02",136,1583,624,1719,2343,0,69,24,69,93
"2021-11-03",136,1603,604,1739,2343,1,68,24,69,93
"2021-11-04",129,1597,617,1726,2343,1,72,20,73,93
"2021-11-05",129,1585,629,1714,2343,0,73,20,73,93
"2021-11-06",130,1583,630,1713,2343,0,71,22,71,93
"2021-11-07",126,1577,640,1703,2343,0,61,32,61,93
"2021-11-08",127,1550,666,1677,2343,0,62,31,62,93
"2021-11-09",134,1630,579,1764,2343,0,59,34,59,93
"2021-11-10",136,1628,579,1764,2343,0,68,25,68,93
"2021-11-11",132,1607,604,1739,2343,0,60,33,60,93
"2021-11-12",130,1592,621,1722,2343,0,62,31,62,93
"2021-11-13",130,1582,631,1712,2343,1,53,39,54,93
"2021-11-14",132,1560,651,1692,2343,1,56,36,57,93
"2021-11-15",140,1586,617,1726,2343,1,51,41,52,93
"2021-11-16",138,1591,614,1729,2343,1,58,34,59,93
"2021-11-17",131,1601,611,1732,2343,2,67,24,69,93
"2021-11-18",127,1589,627,1716,2343,2,71,20,73,93
"2021-11-19",126,1585,632,1711,2343,2,69,22,71,93
"2021-11-20",131,1580,632,1711,2343,2,66,25,68,93
"2021-11-21",133,1564,646,1697,2343,2,58,33,60,93
"2021-11-22",131,1567,645,1698,2343,2,60,31,62,93
"2021-11-23",133,1610,600,1743,2343,1,62,30,63,93
"2021-11-24",135,1617,591,1752,2343,2,63,28,65,93
"2021-11-25",135,1604,604,1739,2343,2,70,21,72,93
"2021-11-26",138,1602,603,1740,2343,2,65,26,67,93
"2021-11-27",132,1587,624,1719,2343,2,60,31,62,93
"2021-11-28",133,1543,667,1676,2343,2,62,29,64,93
"2021-11-29",146,1567,630,1713,2343,2,58,33,60,93
"2021-11-30",151,1566,626,1717,2343,2,64,27,66,93
"2021-12-01",153,1621,569,1774,2343,2,70,21,72,93
"2021-12-02",153,1588,602,1741,2343,2,72,19,74,93
"2021-12-03",144,1530,669,1674,2343,2,73,18,75,93
"2021-12-04",159,1565,619,1724,2343,1,68,24,69,93
"2021-12-05",163,1528,652,1691,2343,1,71,21,72,93
"2021-12-06",167,1538,638,1705,2343,1,67,25,68,93
"2021-12-07",164,1585,594,1749,2343,1,68,24,69,93
"2021-12-08",154,1606,583,1760,2343,1,71,21,72,93
"2021-12-09",154,1615,574,1769,2343,1,75,17,76,93
"2021-12-10",150,1618,575,1768,2343,1,69,23,70,93
"2021-12-11",144,1566,633,1710,2343,2,69,22,71,93
"2021-12-12",157,1558,628,1715,2343,1,68,24,69,93
"2021-12-13",160,1565,618,1725,2343,1,66,26,67,93
"2021-12-14",162,1572,609,1734,2343,0,72,21,72,93
"2021-12-15",154,1589,600,1743,2343,0,77,16,77,93
"2021-12-16",165,1592,586,1757,2343,0,79,14,79,93
"2021-12-17",157,1581,605,1738,2343,0,80,13,80,93
"2021-12-18",154,1567,622,1721,2343,0,77,16,77,93
"2021-12-19",159,1540,644,1699,2343,0,72,21,72,93
"2021-12-20",164,1535,644,1699,2343,0,78,15,78,93
"2021-12-21",165,1557,621,1722,2343,0,83,10,83,93
"2021-12-22",168,1554,621,1722,2343,0,85,8,85,93
"2021-12-23",168,1523,652,1691,2343,1,76,16,77,93
"2021-12-24",162,1473,708,1635,2343,2,81,10,83,93
"2021-12-25",164,1401,778,1565,2343,3,74,16,77,93
"2021-12-26",166,1375,802,1541,2343,2,68,23,70,93
"2021-12-27",174,1382,787,1556,2343,2,71,20,73,93
"2021-12-28",185,1442,716,1627,2343,2,72,19,74,93
"2021-12-29",187,1415,741,1602,2343,3,66,24,69,93
"2021-12-30",197,1451,695,1648,2343,3,65,25,68,93
"2021-12-31",203,1480,660,1683,2343,2,64,27,66,93
"2022-01-01",211,1472,660,1683,2343,3,62,28,65,93
"2022-01-02",221,1470,652,1691,2343,3,62,28,65,93
"2022-01-03",245,1476,622,1721,2343,3,56,34,59,93
"2022-01-04",263,1452,628,1715,2343,3,59,31,62,93
"2022-01-05",285,1499,559,1784,2343,3,63,27,66,93
"2022-01-06",314,1489,540,1803,2343,5,60,28,65,93
"2022-01-07",333,1460,550,1793,2343,5,60,28,65,93
"2022-01-08",377,1396,570,1773,2343,7,57,29,64,93
"2022-01-09",405,1355,583,1760,2343,6,56,31,62,93
"2022-01-10",429,1336,578,1765,2343,7,53,33,60,93
"2022-01-11",468,1353,522,1821,2343,8,55,30,63,93
"2022-01-12",497,1340,506,1837,2343,7,53,33,60,93
"2022-01-13",489,1337,517,1826,2343,8,57,28,65,93
"2022-01-14",515,1330,498,1845,2343,10,55,28,65,93
"2022-01-15",549,1253,541,1802,2343,7,54,32,61,93
"2022-01-16",570,1239,534,1809,2343,7,49,37,56,93
"2022-01-17",569,1219,555,1788,2343,7,51,35,58,93
"2022-01-18",572,1278,493,1850,2343,6,54,33,60,93
"2022-01-19",580,1284,479,1864,2343,7,48,50,55,105
"2022-01-20",583,1284,476,1867,2343,9,54,42,63,105
"2022-01-21",577,1294,472,1871,2343,10,54,41,64,105
"2022-01-22",591,1291,461,1882,2343,7,53,45,60,105
"2022-01-23",596,1280,467,1876,2343,6,47,52,53,105
"2022-01-24",605,1252,486,1857,2343,8,46,51,54,105
"2022-01-25",615,1275,453,1890,2343,9,48,48,57,105
"2022-01-26",598,1302,443,1900,2343,8,49,48,57,105
"2022-01-27",591,1300,452,1891,2343,7,49,49,56,105
"2022-01-28",598,1297,448,1895,2343,7,50,48,57,105
"2022-01-29",588,1259,496,1847,2343,7,47,51,54,105
"2022-01-30",578,1240,525,1818,2343,6,47,52,53,105
"2022-01-31",572,1242,529,1814,2343,8,42,55,50,105
"2022-02-01",558,1301,484,1859,2343,8,45,52,53,105
"2022-02-02",546,1290,507,1836,2343,8,54,43,62,105
"2022-02-03",533,1287,523,1820,2343,7,49,49,56,105
"2022-02-04",509,1325,509,1834,2343,7,53,45,60,105
"2022-02-05",494,1316,533,1810,2343,6,50,49,56,105
"2022-02-06",480,1346,517,1826,2343,5,50,50,55,105
"2022-02-07",479,1329,535,1808,2343,6,47,52,53,105
"2022-02-08",466,1368,509,1834,2343,7,51,47,58,105
"2022-02-09",444,1352,547,1796,2343,5,53,47,58,105
"2022-02-10",442,1367,534,1809,2343,3,55,47,58,105
"2022-02-11",429,1376,538,1805,2343,6,52,47,58,105
"2022-02-12",407,1385,551,1792,2343,7,48,50,55,105
"2022-02-13",395,1376,572,1771,2343,7,47,51,54,105
"2022-02-14",386,1369,588,1755,2343,8,45,52,53,105
"2022-02-15",376,1401,566,1777,2343,8,52,45,60,105
"2022-02-16",359,1400,584,1759,2343,5,56,44,61,105
"2022-02-17",351,1405,587,1756,2343,5,58,42,63,105
"2022-02-18",345,1389,609,1734,2343,7,58,40,65,105
"2022-02-19",323,1385,635,1708,2343,6,60,39,66,105
"2022-02-20",317,1377,649,1694,2343,7,60,38,67,105
"2022-02-21",313,1375,655,1688,2343,7,55,43,62,105
"2022-02-22",312,1414,617,1726,2343,7,54,44,61,105
"2022-02-23",313,1414,616,1727,2343,6,62,37,68,105
"2022-02-24",298,1430,615,1728,2343,4,59,42,63,105
"2022-02-25",292,1456,595,1748,2343,5,60,40,65,105
"2022-02-26",280,1395,668,1675,2343,4,61,40,65,105
"2022-02-27",277,1377,689,1654,2343,3,60,42,63,105
"2022-02-28",275,1396,672,1671,2343,3,56,46,59,105
"2022-03-01",273,1464,606,1737,2343,4,51,42,55,97
"2022-03-02",266,1460,617,1726,2343,6,91,57,97,154
"2022-03-03",260,1470,613,1730,2343,6,58,41,64,105
"2022-03-04",256,1455,632,1711,2343,5,52,48,57,105
"2022-03-05",246,1437,660,1683,2343,6,57,42,63,105
"2022-03-06",241,1415,687,1656,2343,5,52,48,57,105
"2022-03-07",243,1416,684,1659,2343,5,55,45,60,105
"2022-03-08",241,1470,632,1711,2343,4,59,42,63,105
"2022-03-09",237,1501,605,1738,2343,3,60,42,63,105
"2022-03-10",238,1501,604,1739,2343,5,58,42,63,105
"2022-03-11",233,1503,607,1736,2343,4,59,42,63,105
"2022-03-12",226,1461,656,1687,2343,6,56,43,62,105
"2022-03-13",223,1476,644,1699,2343,5,58,42,63,105
"2022-03-14",223,1468,652,1691,2343,5,55,45,60,105
"2022-03-15",217,1513,613,1730,2343,3,55,47,58,105
"2022-03-16",202,1501,640,1703,2343,2,64,39,66,105
"2022-03-17",197,1457,689,1654,2343,2,60,43,62,105
"2022-03-18",191,1463,689,1654,2343,2,69,34,71,105
"2022-03-19",184,1424,735,1608,2343,1,63,41,64,105
"2022-03-20",179,1426,738,1605,2343,2,64,39,66,105
"2022-03-21",179,1458,706,1637,2343,2,60,43,62,105
"2022-03-22",176,1461,706,1637,2343,3,71,31,74,105
"2022-03-23",172,1497,674,1669,2343,2,68,35,70,105
"2022-03-24",164,1480,699,1644,2343,1,69,35,70,105
"2022-03-25",160,1495,688,1655,2343,1,72,32,73,105
"2022-03-26",155,1500,688,1655,2343,2,74,29,76,105
"2022-03-27",155,1486,702,1641,2343,2,67,36,69,105
"2022-03-28",156,1512,675,1668,2343,2,66,37,68,105
"2022-03-29",163,1535,645,1698,2343,1,67,37,68,105
"2022-03-30",163,1548,632,1711,2343,1,70,34,71,105
"2022-03-31",162,1534,647,1696,2343,3,73,29,76,105
"2022-04-01",164,1529,650,1693,2343,2,79,24,81,105
"2022-04-02",162,1503,678,1665,2343,2,77,26,79,105
"2022-04-03",162,1503,678,1665,2343,3,68,34,71,105
"2022-04-04",163,1523,657,1686,2343,4,61,40,65,105
"2022-04-05",168,1538,637,1706,2343,4,66,35,70,105
"2022-04-06",162,1574,607,1736,2343,5,68,32,73,105
"2022-04-07",155,1552,636,1707,2343,3,67,35,70,105
"2022-04-08",161,1552,630,1713,2343,4,71,30,75,105
"2022-04-09",165,1525,653,1690,2343,2,68,35,70,105
"2022-04-10",170,1518,655,1688,2343,2,68,35,70,105
"2022-04-11",182,1510,651,1692,2343,2,71,32,73,105
"2022-04-12",187,1527,629,1714,2343,3,73,29,76,105
"2022-04-13",181,1538,624,1719,2343,1,75,29,76,105
"2022-04-14",176,1518,649,1694,2343,1,71,33,72,105
"2022-04-15",179,1471,693,1650,2343,3,72,30,75,105
"2022-04-16",183,1464,696,1647,2343,2,68,35,70,105
"2022-04-17",195,1466,682,1661,2343,2,65,38,67,105
"2022-04-18",201,1460,682,1661,2343,1,66,38,67,105
"2022-04-19",205,1482,656,1687,2343,1,65,39,66,105
"2022-04-20",199,1540,604,1739,2343,3,72,30,75,105
"2022-04-21",204,1562,577,1766,2343,2,72,31,74,105
"2022-04-22",211,1548,584,1759,2343,2,79,24,81,105
"2022-04-23",207,1527,609,1734,2343,4,66,35,70,105
"2022-04-24",208,1518,617,1726,2343,4,66,35,70,105
"2022-04-25",215,1502,626,1717,2343,4,65,36,69,105
"2022-04-26",214,1538,591,1752,2343,5,69,31,74,105
"2022-04-27",206,1542,595,1748,2343,5,81,19,86,105
"2022-04-28",197,1538,608,1735,2343,5,72,28,77,105
"2022-04-29",205,1493,645,1698,2343,4,74,27,78,105
"2022-04-30",185,1464,694,1649,2343,3,66,36,69,105
"2022-05-01",184,1471,688,1655,2343,3,71,31,74,105
"2022-05-02",207,1484,652,1691,2343,4,73,28,77,105
"2022-05-03",198,1527,618,1725,2343,4,79,22,83,105
"2022-05-04",197,1543,603,1740,2343,2,76,27,78,105
"2022-05-05",202,1512,629,1714,2343,3,75,27,78,105
"2022-05-06",207,1505,631,1712,2343,3,69,33,72,105
"2022-05-07",202,1502,639,1704,2343,2,67,36,69,105
"2022-05-08",205,1489,649,1694,2343,2,63,40,65,105
"2022-05-09",198,1501,644,1699,2343,2,64,39,66,105
"2022-05-10",185,1530,628,1715,2343,2,66,37,68,105
"2022-05-11",173,1551,619,1724,2343,3,71,31,74,105
"2022-05-12",173,1540,630,1713,2343,2,73,30,75,105
"2022-05-13",166,1544,633,1710,2343,2,70,33,72,105
"2022-05-14",155,1521,667,1676,2343,1,75,29,76,105
"2022-05-15",150,1492,701,1642,2343,1,74,30,75,105
"2022-05-16",158,1512,673,1670,2343,1,75,29,76,105
"2022-05-17",164,1562,617,1726,2343,1,79,25,80,105
"2022-05-18",163,1588,592,1751,2343,0,84,21,84,105
"2022-05-19",167,1599,577,1766,2343,1,73,31,74,105
"2022-05-20",161,1547,635,1708,2343,1,78,26,79,105
"2022-05-21",159,1541,643,1700,2343,0,72,33,72,105
"2022-05-22",150,1537,656,1687,2343,0,73,32,73,105
"2022-05-23",150,1543,650,1693,2343,0,67,38,67,105
"2022-05-24",155,1543,645,1698,2343,0,68,37,68,105
"2022-05-25",159,1601,583,1760,2343,0,78,27,78,105
"2022-05-26",151,1616,576,1767,2343,2,79,24,81,105
"2022-05-27",150,1590,603,1740,2343,3,74,28,77,105
"2022-05-28",141,1507,695,1648,2343,2,75,28,77,105
"2022-05-29",142,1543,658,1685,2343,2,73,30,75,105
"2022-05-30",144,1566,633,1710,2343,2,75,28,77,105
"2022-05-31",137,1598,608,1735,2343,2,83,20,85,105
"2022-06-01",125,1630,588,1755,2343,1,87,17,88,105
"2022-06-02",116,1623,604,1739,2343,1,81,23,82,105
"2022-06-03",115,1604,624,1719,2343,1,83,21,84,105
"2022-06-04",105,1452,786,1557,2343,1,60,44,61,105
"2022-06-05",108,1552,683,1660,2343,2,66,37,68,105
"2022-06-06",114,1556,673,1670,2343,1,60,44,61,105
"2022-06-07",113,1577,653,1690,2343,1,69,35,70,105
"2022-06-08",113,1584,646,1697,2343,1,68,36,69,105
"2022-06-09",116,1567,660,1683,2343,2,75,28,77,105
"2022-06-10",108,1588,647,1696,2343,2,79,24,81,105
"2022-06-11",108,1519,716,1627,2343,2,77,26,79,105
"2022-06-12",109,1520,714,1629,2343,3,65,37,68,105
"2022-06-13",109,1557,677,1666,2343,2,63,40,65,105
"2022-06-14",114,1567,662,1681,2343,2,70,33,72,105
"2022-06-15",113,1577,653,1690,2343,2,69,34,71,105
"2022-06-16",107,1580,656,1687,2343,2,68,35,70,105
"2022-06-17",99,1563,681,1662,2343,2,72,31,74,105
"2022-06-18",92,1570,681,1662,2343,2,72,31,74,105
"2022-06-19",92,1548,703,1640,2343,2,68,35,70,105
"2022-06-20",93,1545,705,1638,2343,2,68,35,70,105
"2022-06-21",87,1596,660,1683,2343,2,71,32,73,105
"2022-06-22",85,1584,674,1669,2343,3,76,26,79,105
"2022-06-23",93,1572,678,1665,2343,3,73,29,76,105
"2022-06-24",92,1559,692,1651,2343,3,69,33,72,105
"2022-06-25",85,1506,752,1591,2343,2,68,35,70,105
"2022-06-26",85,1481,777,1566,2343,2,67,36,69,105
"2022-06-27",87,1491,765,1578,2343,2,63,40,65,105
"2022-06-28",84,1537,722,1621,2343,3,60,42,63,105
"2022-06-29",85,1535,723,1620,2343,3,67,35,70,105
"2022-06-30",92,1519,732,1611,2343,3,70,32,73,105
"2022-07-01",99,1496,748,1595,2343,2,70,33,72,105
"2022-07-02",92,1461,790,1553,2343,2,66,37,68,105
"2022-07-03",95,1451,797,1546,2343,4,63,38,67,105
"2022-07-04",97,1494,752,1591,2343,3,59,43,62,105
"2022-07-05",106,1534,703,1640,2343,1,65,39,66,105
"2022-07-06",107,1559,677,1666,2343,2,64,39,66,105
"2022-07-07",108,1553,682,1661,2343,2,63,40,65,105
"2022-07-08",106,1567,670,1673,2343,2,68,35,70,105
"2022-07-09",95,1544,704,1639,2343,2,70,33,72,105
"2022-07-10",100,1493,750,1593,2343,3,68,34,71,105
"2022-07-11",98,1547,698,1645,2343,3,72,30,75,105
"2022-07-12",101,1577,665,1678,2343,4,71,30,75,105
"2022-07-13",114,1584,645,1698,2343,5,76,24,81,105
"2022-07-14",115,1567,661,1682,2343,3,77,25,80,105
"2022-07-15",118,1544,681,1662,2343,3,73,29,76,105
"2022-07-16",114,1499,730,1613,2343,3,76,26,79,105
"2022-07-17",116,1477,750,1593,2343,3,74,28,77,105
"2022-07-18",126,1471,746,1597,2343,3,70,32,73,105
"2022-07-19",130,1523,690,1653,2343,3,74,28,77,105
"2022-07-20",127,1569,647,1696,2343,3,72,30,75,105
"2022-07-21",123,1547,673,1670,2343,3,76,26,79,105
"2022-07-22",127,1516,700,1643,2343,3,79,23,82,105
"2022-07-23",122,1484,737,1606,2343,3,73,29,76,105
"2022-07-24",123,1479,741,1602,2343,3,74,28,77,105
"2022-07-25",130,1484,729,1614,2343,3,72,30,75,105
"2022-07-26",134,1522,687,1656,2343,2,76,31,78,109
"2022-07-27",141,1546,656,1687,2343,3,77,29,80,109
"2022-07-28",135,1556,652,1691,2343,3,83,23,86,109
"2022-07-29",142,1522,679,1664,2343,3,78,28,81,109
"2022-07-30",145,1483,715,1628,2343,3,82,24,85,109
"2022-07-31",140,1477,726,1617,2343,3,69,37,72,109
"2022-08-01",147,1453,743,1600,2343,3,72,34,75,109
"2022-08-02",151,1495,697,1646,2343,3,73,33,76,109
"2022-08-03",146,1555,642,1701,2343,3,70,36,73,109
"2022-08-04",136,1555,652,1691,2343,3,67,39,70,109
"2022-08-05",137,1506,700,1643,2343,2,63,44,65,109
"2022-08-06",130,1479,734,1609,2343,4,58,47,62,109
"2022-08-07",134,1469,740,1603,2343,4,55,50,59,109
"2022-08-08",136,1457,750,1593,2343,4,60,45,64,109
"2022-08-09",139,1532,672,1671,2343,4,64,41,68,109
"2022-08-10",136,1556,651,1692,2343,5,69,35,74,109
"2022-08-11",137,1577,629,1714,2343,5,63,41,68,109
"2022-08-12",139,1561,643,1700,2343,3,66,40,69,109
"2022-08-13",135,1553,655,1688,2343,4,67,38,71,109
"2022-08-14",140,1512,691,1652,2343,4,62,43,66,109
"2022-08-15",134,1499,710,1633,2343,3,69,37,72,109
"2022-08-16",134,1546,663,1680,2343,3,71,35,74,109
"2022-08-17",131,1578,634,1709,2343,5,65,39,70,109
"2022-08-18",133,1535,675,1668,2343,4,67,38,71,109
"2022-08-19",134,1529,680,1663,2343,4,67,38,71,109
"2022-08-20",135,1499,709,1634,2343,4,67,38,71,109
"2022-08-21",142,1477,724,1619,2343,5,69,35,74,109
"2022-08-22",146,1491,706,1637,2343,5,67,37,72,109
"2022-08-23",139,1530,674,1669,2343,4,66,39,70,109
"2022-08-24",147,1518,678,1665,2343,3,73,33,76,109
"2022-08-25",144,1537,662,1681,2343,2,73,34,75,109
"2022-08-26",136,1506,701,1642,2343,2,65,42,67,109
"2022-08-27",134,1512,697,1646,2343,3,65,41,68,109
"2022-08-28",141,1481,721,1622,2343,3,68,38,71,109
"2022-08-29",143,1507,693,1650,2343,2,65,42,67,109
"2022-08-30",146,1522,675,1668,2343,1,66,42,67,109
"2022-08-31",145,1544,654,1689,2343,1,67,41,68,109
"2022-09-01",134,1528,681,1662,2343,1,69,39,70,109
"2022-09-02",133,1543,667,1676,2343,1,63,45,64,109
"2022-09-03",125,1513,705,1638,2343,2,55,52,57,109
"2022-09-04",133,1479,731,1612,2343,2,59,48,61,109
"2022-09-05",130,1483,730,1613,2343,4,57,48,61,109
"2022-09-06",135,1521,687,1656,2343,5,59,45,64,109
"2022-09-07",135,1583,625,1718,2343,5,65,39,70,109
"2022-09-08",132,1598,613,1730,2343,3,69,37,72,109
"2022-09-09",126,1589,628,1715,2343,2,71,36,73,109
"2022-09-10",121,1558,664,1679,2343,2,70,37,72,109
"2022-09-11",125,1543,675,1668,2343,2,68,39,70,109
"2022-09-12",123,1557,663,1680,2343,4,77,28,81,109
"2022-09-13",117,1592,634,1709,2343,5,80,24,85,109
"2022-09-14",116,1592,635,1708,2343,5,88,16,93,109
"2022-09-15",124,1574,645,1698,2343,5,83,21,88,109
"2022-09-16",131,1561,651,1692,2343,6,78,25,84,109
"2022-09-17",126,1557,660,1683,2343,4,74,31,78,109
"2022-09-18",120,1517,706,1637,2343,5,75,29,80,109
"2022-09-19",128,1584,631,1712,2343,5,77,27,82,109
"2022-09-20",129,1615,599,1744,2343,5,85,19,90,109
"2022-09-21",123,1610,610,1733,2343,3,89,17,92,109
"2022-09-22",127,1606,610,1733,2343,2,86,21,88,109
"2022-09-23",121,1581,633,1702,2335,1,93,15,94,109
"2022-09-24",117,1561,657,1678,2335,1,86,22,87,109
"2022-09-25",121,1528,686,1649,2335,1,89,19,90,109
"2022-09-26",124,1538,673,1662,2335,2,88,19,90,109
"2022-09-27",137,1600,598,1737,2335,1,91,17,92,109
"2022-09-28",126,1600,615,1726,2341,2,90,17,92,109
"2022-09-29",131,1581,629,1712,2341,2,86,21,88,109
"2022-09-30",136,1555,650,1691,2341,2,89,18,91,109
"2022-10-01",136,1543,662,1679,2341,1,83,25,84,109
"2022-10-02",134,1550,657,1684,2341,1,85,23,86,109
"2022-10-03",133,1581,627,1714,2341,2,82,25,84,109
"2022-10-04",134,1623,584,1757,2341,2,81,26,83,109
"2022-10-05",135,1671,535,1806,2341,1,88,20,89,109
"2022-10-06",127,1676,538,1803,2341,4,91,14,95,109
"2022-10-07",123,1626,592,1749,2341,3,85,21,88,109
"2022-10-08",123,1586,632,1709,2341,3,88,18,91,109
"2022-10-09",118,1582,641,1700,2341,2,75,32,77,109
"2022-10-10",117,1581,643,1698,2341,3,73,33,76,109
"2022-10-11",131,1633,577,1764,2341,3,68,38,71,109
"2022-10-12",140,1677,524,1817,2341,3,80,26,83,109
"2022-10-13",140,1684,517,1824,2341,3,79,27,82,109
"2022-10-14",136,1687,518,1823,2341,3,83,23,86,109
"2022-10-15",142,1618,581,1760,2341,3,78,28,81,109
"2022-10-16",144,1582,615,1726,2341,3,74,32,77,109
"2022-10-17",155,1605,581,1760,2341,4,76,29,80,109
"2022-10-18",154,1616,571,1770,2341,3,75,31,78,109
"2022-10-19",151,1623,567,1774,2341,3,78,28,81,109
"2022-10-20",154,1640,547,1794,2341,3,84,22,87,109
"2022-10-21",156,1631,554,1787,2341,3,87,19,90,109
"2022-10-22",161,1594,586,1755,2341,3,82,24,85,109
"2022-10-23",165,1575,601,1740,2341,2,83,24,85,109
"2022-10-24",155,1597,589,1752,2341,2,81,26,83,109
"2022-10-25",156,1613,572,1769,2341,2,84,26,86,112
"2022-10-26",160,1632,549,1792,2341,3,94,15,97,112
"2022-10-27",146,1647,548,1793,2341,1,95,16,96,112
"2022-10-28",133,1641,567,1774,2341,1,94,17,95,112
"2022-10-29",131,1618,592,1749,2341,1,92,19,93,112
"2022-10-30",127,1633,581,1760,2341,2,90,20,92,112
"2022-10-31",130,1614,597,1744,2341,3,86,23,89,112
"2022-11-01",127,1652,562,1779,2341,4,87,21,91,112
"2022-11-02",134,1636,571,1770,2341,4,103,5,107,112
"2022-11-03",136,1689,516,1825,2341,4,98,10,102,112
"2022-11-04",136,1652,553,1788,2341,4,98,10,102,112
"2022-11-05",141,1630,570,1771,2341,4,91,17,95,112
"2022-11-06",140,1605,596,1745,2341,1,89,22,90,112
"2022-11-07",143,1599,599,1742,2341,1,90,21,91,112
"2022-11-08",143,1651,547,1794,2341,1,109,2,110,112
"2022-11-09",138,1646,557,1784,2341,2,109,1,111,112
"2022-11-10",138,1642,561,1780,2341,5,117,-10,122,112
"2022-11-11",137,1594,610,1731,2341,4,113,-5,117,112
"2022-11-12",136,1571,634,1707,2341,3,112,-3,115,112
"2022-11-13",143,1521,677,1664,2341,3,110,-1,113,112
"2022-11-14",134,1533,674,1667,2341,3,106,3,109,112
"2022-11-15",129,1586,626,1715,2341,3,107,2,110,112
"2022-11-16",127,1623,591,1750,2341,3,107,2,110,112
"2022-11-17",117,1664,560,1781,2341,2,112,-2,114,112
"2022-11-18",125,1631,585,1756,2341,1,112,-1,113,112
"2022-11-19",129,1600,612,1729,2341,1,114,-3,115,112
"2022-11-20",127,1594,620,1721,2341,1,117,-6,118,112
"2022-11-21",130,1607,604,1737,2341,0,116,-4,116,112
"2022-11-22",127,1619,595,1746,2341,2,103,7,105,112
"2022-11-23",134,1605,602,1739,2341,4,106,2,110,112
"2022-11-24",129,1631,581,1760,2341,1,109,20,110,130
"2022-11-25",134,1617,590,1751,2341,2,121,7,123,130
"2022-11-26",123,1611,607,1734,2341,2,113,15,115,130
"2022-11-27",126,1575,640,1701,2341,2,114,14,116,130
"2022-11-28",125,1584,632,1709,2341,2,114,14,116,130
"2022-11-29",115,1630,596,1745,2341,2,111,17,113,130
"2022-11-30",118,1640,583,1758,2341,2,120,8,122,130
"2022-12-01",113,1640,588,1753,2341,3,117,10,120,130
"2022-12-02",105,1697,539,1802,2341,4,109,17,113,130
"2022-12-03",114,1650,577,1764,2341,3,109,18,112,130
"2022-12-04",113,1634,594,1747,2341,2,108,20,110,130
"2022-12-05",112,1660,569,1772,2341,3,102,25,105,130
"2022-12-06",110,1685,546,1795,2341,3,108,19,111,130
"2022-12-07",114,1668,559,1782,2341,3,110,17,113,130
"2022-12-08",113,1722,506,1835,2341,2,117,11,119,130
"2022-12-09",113,1683,545,1796,2341,2,118,11,120,131
"2022-12-10",115,1644,582,1759,2341,2,118,11,120,131
"2022-12-11",104,1641,596,1745,2341,2,121,8,123,131
"2022-12-12",105,1640,596,1745,2341,2,118,11,120,131
"2022-12-13",105,1669,567,1774,2341,3,122,6,125,131
"2022-12-14",103,1666,572,1769,2341,2,119,10,121,131
"2022-12-15",105,1643,593,1748,2341,2,115,14,117,131
"2022-12-16",106,1630,605,1736,2341,2,106,23,108,131
"2022-12-17",112,1608,621,1720,2341,2,111,18,113,131
"2022-12-18",111,1598,632,1709,2341,2,110,19,112,131
"2022-12-19",119,1590,632,1709,2341,3,110,18,113,131
"2022-12-20",124,1628,589,1752,2341,1,116,14,117,131
"2022-12-21",119,1608,614,1727,2341,2,111,18,113,131
"2022-12-22",116,1620,605,1736,2341,2,104,25,106,131
"2022-12-23",107,1579,655,1686,2341,2,108,21,110,131
"2022-12-24",102,1529,710,1631,2341,2,120,9,122,131
"2022-12-25",98,1526,717,1624,2341,3,105,23,108,131
"2022-12-26",92,1548,701,1640,2341,4,108,19,112,131
"2022-12-27",103,1543,695,1646,2341,3,106,22,109,131
"2022-12-28",110,1539,692,1649,2341,5,93,33,98,131
"2022-12-29",114,1580,647,1694,2341,5,95,31,100,131
"2022-12-30",124,1577,640,1701,2341,6,97,28,103,131
"2022-12-31",130,1566,645,1696,2341,5,93,33,98,131
"2023-01-01",127,1559,655,1686,2341,4,95,32,99,131
"2023-01-02",126,1572,643,1698,2341,4,79,48,83,131
"2023-01-03",136,1593,612,1729,2341,6,85,40,91,131
"2023-01-04",132,1642,567,1774,2341,6,88,37,94,131
"2023-01-05",133,1661,547,1794,2341,6,91,34,97,131
"2023-01-06",145,1645,551,1790,2341,7,97,27,104,131
"2023-01-07",135,1642,564,1777,2341,8,105,18,113,131
"2023-01-08",135,1629,577,1764,2341,6,99,26,105,131
"2023-01-09",141,1657,543,1798,2341,7,100,24,107,131
"2023-01-10",134,1718,489,1852,2341,7,95,29,102,131
"2023-01-11",123,1716,502,1839,2341,6,89,36,95,131
"2023-01-12",117,1689,535,1806,2341,5,98,28,103,131
"2023-01-13",122,1671,548,1793,2341,5,99,27,104,131
"2023-01-14",116,1693,532,1809,2341,6,86,39,92,131
"2023-01-15",115,1674,552,1789,2341,6,87,38,93,131
"2023-01-16",112,1655,574,1767,2341,6,82,43,88,131
"2023-01-17",109,1689,543,1798,2341,6,84,41,90,131
"2023-01-18",103,1696,542,1799,2341,6,92,33,98,131
"2023-01-19",104,1697,540,1801,2341,5,86,40,91,131
"2023-01-20",100,1669,572,1769,2341,5,83,43,88,131
"2023-01-21",100,1614,627,1714,2341,5,80,46,85,131
"2023-01-22",100,1595,646,1695,2341,4,75,52,79,131
"2023-01-23",99,1618,624,1717,2341,3,85,43,88,131
"2023-01-24",101,1682,558,1783,2341,4,95,32,99,131
"2023-01-25",106,1662,573,1768,2341,4,89,38,93,131
"2023-01-26",100,1657,584,1757,2341,4,93,34,97,131
"2023-01-27",101,1656,584,1757,2341,3,91,37,94,131
"2023-01-28",92,1626,623,1718,2341,4,83,44,87,131
"2023-01-29",96,1611,634,1707,2341,5,79,47,84,131
"2023-01-30",100,1600,641,1700,2341,3,77,51,80,131
"2023-01-31",104,1630,607,1734,2341,2,76,53,78,131
"2023-02-01",101,1634,606,1735,2341,2,90,39,92,131
"2023-02-02",98,1625,618,1723,2341,2,89,40,91,131
